name,type,path
BrightData,Module,BrightData.md
BrightData.Result,Constant,BrightData.md#constant-Result
BrightData.VERSION,Constant,BrightData.md#constant-VERSION
SimpleResult,Module,SimpleResult.md
SimpleResult.failure,Method,SimpleResult.md#method-c-failure
SimpleResult.success,Method,SimpleResult.md#method-c-success
BrightData::Datasets,Module,BrightData/Datasets.md
BrightData::Datasets.LINKEDIN,Constant,BrightData/Datasets.md#constant-LINKEDIN
BrightData::Datasets.id_for,Method,BrightData/Datasets.md#method-c-id_for
BrightData::LinkedIn,Module,BrightData/LinkedIn.md
BrightData::LinkedIn::Endpoint,Module,BrightData/LinkedIn/Endpoint.md
BrightData::LinkedIn::Endpoint.TRIGGER_PATH,Constant,BrightData/LinkedIn/Endpoint.md#constant-TRIGGER_PATH
BrightData::LinkedIn::Endpoint.SCRAPE_PATH,Constant,BrightData/LinkedIn/Endpoint.md#constant-SCRAPE_PATH
BrightData::LinkedIn::Endpoint.included,Method,BrightData/LinkedIn/Endpoint.md#method-c-included
BrightData::LinkedIn::Endpoint::ClassMethods,Module,BrightData/LinkedIn/Endpoint/ClassMethods.md
BrightData::LinkedIn::Endpoint::ClassMethods.endpoint,Method,BrightData/LinkedIn/Endpoint/ClassMethods.md#method-i-endpoint
BrightData::LinkedIn::Types,Module,BrightData/LinkedIn/Types.md
BrightData::HTTP,Class,BrightData/HTTP.md
BrightData::HTTP.BASE_URL,Constant,BrightData/HTTP.md#constant-BASE_URL
BrightData::HTTP.DEFAULT_TIMEOUT,Constant,BrightData/HTTP.md#constant-DEFAULT_TIMEOUT
BrightData::HTTP.get,Method,BrightData/HTTP.md#method-i-get
BrightData::HTTP.initialize,Method,BrightData/HTTP.md#method-i-initialize
BrightData::HTTP.post,Method,BrightData/HTTP.md#method-i-post
BrightData::Client,Class,BrightData/Client.md
BrightData::Client.initialize,Method,BrightData/Client.md#method-i-initialize
BrightData::Client.http,Attribute,BrightData/Client.md#attribute-i-http
BrightData::Client.linkedin,Attribute,BrightData/Client.md#attribute-i-linkedin
BrightData::Error,Class,BrightData/Error.md
BrightData::ConfigurationError,Class,BrightData/ConfigurationError.md
BrightData::ArgumentError,Class,BrightData/ArgumentError.md
BrightData::AuthError,Class,BrightData/AuthError.md
BrightData::HTTPError,Class,BrightData/HTTPError.md
BrightData::HTTPError.initialize,Method,BrightData/HTTPError.md#method-i-initialize
BrightData::HTTPError.body,Attribute,BrightData/HTTPError.md#attribute-i-body
BrightData::HTTPError.response,Attribute,BrightData/HTTPError.md#attribute-i-response
BrightData::HTTPError.status,Attribute,BrightData/HTTPError.md#attribute-i-status
BrightData::RateLimitError,Class,BrightData/RateLimitError.md
BrightData::RateLimitError.initialize,Method,BrightData/RateLimitError.md#method-i-initialize
BrightData::RateLimitError.retry_after,Attribute,BrightData/RateLimitError.md#attribute-i-retry_after
BrightData::ServerError,Class,BrightData/ServerError.md
BrightData::ScrapeTimeoutError,Class,BrightData/ScrapeTimeoutError.md
BrightData::ScrapeTimeoutError.initialize,Method,BrightData/ScrapeTimeoutError.md#method-i-initialize
BrightData::ScrapeTimeoutError.snapshot,Attribute,BrightData/ScrapeTimeoutError.md#attribute-i-snapshot
BrightData::ScrapeTimeoutError.snapshot_id,Attribute,BrightData/ScrapeTimeoutError.md#attribute-i-snapshot_id
BrightData::SnapshotFailedError,Class,BrightData/SnapshotFailedError.md
BrightData::SnapshotFailedError.initialize,Method,BrightData/SnapshotFailedError.md#method-i-initialize
BrightData::SnapshotFailedError.details,Attribute,BrightData/SnapshotFailedError.md#attribute-i-details
BrightData::SnapshotFailedError.snapshot_id,Attribute,BrightData/SnapshotFailedError.md#attribute-i-snapshot_id
BrightData::Snapshot,Class,BrightData/Snapshot.md
BrightData::Snapshot.STATUSES,Constant,BrightData/Snapshot.md#constant-STATUSES
BrightData::Snapshot.TRIGGER_RESPONSE_KEY,Constant,BrightData/Snapshot.md#constant-TRIGGER_RESPONSE_KEY
BrightData::Snapshot.PROGRESS_PATH_TEMPLATE,Constant,BrightData/Snapshot.md#constant-PROGRESS_PATH_TEMPLATE
BrightData::Snapshot.RESULTS_PATH_TEMPLATE,Constant,BrightData/Snapshot.md#constant-RESULTS_PATH_TEMPLATE
BrightData::Snapshot.DEFAULT_TIMEOUT,Constant,BrightData/Snapshot.md#constant-DEFAULT_TIMEOUT
BrightData::Snapshot.DEFAULT_POLL_INTERVAL,Constant,BrightData/Snapshot.md#constant-DEFAULT_POLL_INTERVAL
BrightData::Snapshot.failed?,Method,BrightData/Snapshot.md#method-i-failed-3F
BrightData::Snapshot.initialize,Method,BrightData/Snapshot.md#method-i-initialize
BrightData::Snapshot.progress,Method,BrightData/Snapshot.md#method-i-progress
BrightData::Snapshot.ready?,Method,BrightData/Snapshot.md#method-i-ready-3F
BrightData::Snapshot.results,Method,BrightData/Snapshot.md#method-i-results
BrightData::Snapshot.wait,Method,BrightData/Snapshot.md#method-i-wait
BrightData::Snapshot.id,Attribute,BrightData/Snapshot.md#attribute-i-id
BrightData::Snapshot.status,Attribute,BrightData/Snapshot.md#attribute-i-status
BrightData::LiveTrace,Class,BrightData/LiveTrace.md
BrightData::LiveTrace.initialize,Method,BrightData/LiveTrace.md#method-i-initialize
BrightData::LiveTrace.record_error,Method,BrightData/LiveTrace.md#method-i-record_error
BrightData::LiveTrace.record_request,Method,BrightData/LiveTrace.md#method-i-record_request
BrightData::LiveTrace.record_response,Method,BrightData/LiveTrace.md#method-i-record_response
BrightData::LiveTrace.for,Method,BrightData/LiveTrace.md#method-c-for
BrightData::LiveTrace::Request,Class,BrightData/LiveTrace/Request.md
BrightData::LiveTrace::Request.body,Attribute,BrightData/LiveTrace/Request.md#attribute-i-body
BrightData::LiveTrace::Request.method,Attribute,BrightData/LiveTrace/Request.md#attribute-i-method
BrightData::LiveTrace::Request.path,Attribute,BrightData/LiveTrace/Request.md#attribute-i-path
BrightData::LiveTrace::Request.query,Attribute,BrightData/LiveTrace/Request.md#attribute-i-query
BrightData::LiveTrace::Request.uri,Attribute,BrightData/LiveTrace/Request.md#attribute-i-uri
BrightData::LiveTrace::Null,Class,BrightData/LiveTrace/Null.md
BrightData::LiveTrace::Null.record_error,Method,BrightData/LiveTrace/Null.md#method-i-record_error
BrightData::LiveTrace::Null.record_request,Method,BrightData/LiveTrace/Null.md#method-i-record_request
BrightData::LiveTrace::Null.record_response,Method,BrightData/LiveTrace/Null.md#method-i-record_response
BrightData::LinkedIn::Jobs,Class,BrightData/LinkedIn/Jobs.md
BrightData::LinkedIn::Jobs.initialize,Method,BrightData/LinkedIn/Jobs.md#method-i-initialize
BrightData::LinkedIn::Jobs.inspect,Method,BrightData/LinkedIn/Jobs.md#method-i-inspect
BrightData::LinkedIn::Jobs.collect_by_url,Attribute,BrightData/LinkedIn/Jobs.md#attribute-i-collect_by_url
BrightData::LinkedIn::Jobs.discover_by_keyword,Attribute,BrightData/LinkedIn/Jobs.md#attribute-i-discover_by_keyword
BrightData::LinkedIn::Jobs.discover_by_url,Attribute,BrightData/LinkedIn/Jobs.md#attribute-i-discover_by_url
BrightData::LinkedIn::Jobs::CollectByUrl,Class,BrightData/LinkedIn/Jobs/CollectByUrl.md
BrightData::LinkedIn::Jobs::DiscoverByUrl,Class,BrightData/LinkedIn/Jobs/DiscoverByUrl.md
BrightData::LinkedIn::Jobs::DiscoverByKeyword,Class,BrightData/LinkedIn/Jobs/DiscoverByKeyword.md
BrightData::LinkedIn::Posts,Class,BrightData/LinkedIn/Posts.md
BrightData::LinkedIn::Posts.initialize,Method,BrightData/LinkedIn/Posts.md#method-i-initialize
BrightData::LinkedIn::Posts.inspect,Method,BrightData/LinkedIn/Posts.md#method-i-inspect
BrightData::LinkedIn::Posts.collect_by_url,Attribute,BrightData/LinkedIn/Posts.md#attribute-i-collect_by_url
BrightData::LinkedIn::Posts.discover_by_company_url,Attribute,BrightData/LinkedIn/Posts.md#attribute-i-discover_by_company_url
BrightData::LinkedIn::Posts.discover_by_profile_url,Attribute,BrightData/LinkedIn/Posts.md#attribute-i-discover_by_profile_url
BrightData::LinkedIn::Posts.discover_by_url,Attribute,BrightData/LinkedIn/Posts.md#attribute-i-discover_by_url
BrightData::LinkedIn::Posts::CollectByUrl,Class,BrightData/LinkedIn/Posts/CollectByUrl.md
BrightData::LinkedIn::Posts::DiscoverByProfileUrl,Class,BrightData/LinkedIn/Posts/DiscoverByProfileUrl.md
BrightData::LinkedIn::Posts::DiscoverByUrl,Class,BrightData/LinkedIn/Posts/DiscoverByUrl.md
BrightData::LinkedIn::Posts::DiscoverByCompanyUrl,Class,BrightData/LinkedIn/Posts/DiscoverByCompanyUrl.md
BrightData::LinkedIn::People,Class,BrightData/LinkedIn/People.md
BrightData::LinkedIn::People.initialize,Method,BrightData/LinkedIn/People.md#method-i-initialize
BrightData::LinkedIn::People.inspect,Method,BrightData/LinkedIn/People.md#method-i-inspect
BrightData::LinkedIn::People.discover_new_profiles,Attribute,BrightData/LinkedIn/People.md#attribute-i-discover_new_profiles
BrightData::LinkedIn::People::DiscoverNewProfiles,Class,BrightData/LinkedIn/People/DiscoverNewProfiles.md
BrightData::LinkedIn::Profiles,Class,BrightData/LinkedIn/Profiles.md
BrightData::LinkedIn::Profiles.scrape,Method,BrightData/LinkedIn/Profiles.md#method-i-scrape
BrightData::LinkedIn::Profiles.trigger,Method,BrightData/LinkedIn/Profiles.md#method-i-trigger
BrightData::LinkedIn::Companies,Class,BrightData/LinkedIn/Companies.md
BrightData::LinkedIn::Companies.scrape,Method,BrightData/LinkedIn/Companies.md#method-i-scrape
BrightData::LinkedIn::Companies.trigger,Method,BrightData/LinkedIn/Companies.md#method-i-trigger
BrightData::LinkedIn::Namespace,Class,BrightData/LinkedIn/Namespace.md
BrightData::LinkedIn::Namespace.initialize,Method,BrightData/LinkedIn/Namespace.md#method-i-initialize
BrightData::LinkedIn::Namespace.companies,Attribute,BrightData/LinkedIn/Namespace.md#attribute-i-companies
BrightData::LinkedIn::Namespace.jobs,Attribute,BrightData/LinkedIn/Namespace.md#attribute-i-jobs
BrightData::LinkedIn::Namespace.people,Attribute,BrightData/LinkedIn/Namespace.md#attribute-i-people
BrightData::LinkedIn::Namespace.posts,Attribute,BrightData/LinkedIn/Namespace.md#attribute-i-posts
BrightData::LinkedIn::Namespace.profiles,Attribute,BrightData/LinkedIn/Namespace.md#attribute-i-profiles
BrightData::LinkedIn::Types::Job,Class,BrightData/LinkedIn/Types/Job.md
BrightData::LinkedIn::Types::Job.from_api,Method,BrightData/LinkedIn/Types/Job.md#method-c-from_api
BrightData::LinkedIn::Types::Job.company_logo,Attribute,BrightData/LinkedIn/Types/Job.md#attribute-i-company_logo
BrightData::LinkedIn::Types::Job.company_name,Attribute,BrightData/LinkedIn/Types/Job.md#attribute-i-company_name
BrightData::LinkedIn::Types::Job.job_base_pay_range,Attribute,BrightData/LinkedIn/Types/Job.md#attribute-i-job_base_pay_range
BrightData::LinkedIn::Types::Job.job_location,Attribute,BrightData/LinkedIn/Types/Job.md#attribute-i-job_location
BrightData::LinkedIn::Types::Job.job_posted_time,Attribute,BrightData/LinkedIn/Types/Job.md#attribute-i-job_posted_time
BrightData::LinkedIn::Types::Job.job_posting_id,Attribute,BrightData/LinkedIn/Types/Job.md#attribute-i-job_posting_id
BrightData::LinkedIn::Types::Job.job_summary,Attribute,BrightData/LinkedIn/Types/Job.md#attribute-i-job_summary
BrightData::LinkedIn::Types::Job.job_title,Attribute,BrightData/LinkedIn/Types/Job.md#attribute-i-job_title
BrightData::LinkedIn::Types::Job.raw,Attribute,BrightData/LinkedIn/Types/Job.md#attribute-i-raw
BrightData::LinkedIn::Types::Job.url,Attribute,BrightData/LinkedIn/Types/Job.md#attribute-i-url
BrightData::LinkedIn::Types::Post,Class,BrightData/LinkedIn/Types/Post.md
BrightData::LinkedIn::Types::Post.from_api,Method,BrightData/LinkedIn/Types/Post.md#method-c-from_api
BrightData::LinkedIn::Types::Post.comments_count,Attribute,BrightData/LinkedIn/Types/Post.md#attribute-i-comments_count
BrightData::LinkedIn::Types::Post.date_posted,Attribute,BrightData/LinkedIn/Types/Post.md#attribute-i-date_posted
BrightData::LinkedIn::Types::Post.embedded_links,Attribute,BrightData/LinkedIn/Types/Post.md#attribute-i-embedded_links
BrightData::LinkedIn::Types::Post.hashtags,Attribute,BrightData/LinkedIn/Types/Post.md#attribute-i-hashtags
BrightData::LinkedIn::Types::Post.headline,Attribute,BrightData/LinkedIn/Types/Post.md#attribute-i-headline
BrightData::LinkedIn::Types::Post.id,Attribute,BrightData/LinkedIn/Types/Post.md#attribute-i-id
BrightData::LinkedIn::Types::Post.images,Attribute,BrightData/LinkedIn/Types/Post.md#attribute-i-images
BrightData::LinkedIn::Types::Post.likes,Attribute,BrightData/LinkedIn/Types/Post.md#attribute-i-likes
BrightData::LinkedIn::Types::Post.original_post,Attribute,BrightData/LinkedIn/Types/Post.md#attribute-i-original_post
BrightData::LinkedIn::Types::Post.post_text,Attribute,BrightData/LinkedIn/Types/Post.md#attribute-i-post_text
BrightData::LinkedIn::Types::Post.raw,Attribute,BrightData/LinkedIn/Types/Post.md#attribute-i-raw
BrightData::LinkedIn::Types::Post.repost,Attribute,BrightData/LinkedIn/Types/Post.md#attribute-i-repost
BrightData::LinkedIn::Types::Post.user_id,Attribute,BrightData/LinkedIn/Types/Post.md#attribute-i-user_id
BrightData::LinkedIn::Types::Post.videos,Attribute,BrightData/LinkedIn/Types/Post.md#attribute-i-videos
BrightData::LinkedIn::Types::Company,Class,BrightData/LinkedIn/Types/Company.md
BrightData::LinkedIn::Types::Company.from_api,Method,BrightData/LinkedIn/Types/Company.md#method-c-from_api
BrightData::LinkedIn::Types::Company.affiliated,Attribute,BrightData/LinkedIn/Types/Company.md#attribute-i-affiliated
BrightData::LinkedIn::Types::Company.company_id,Attribute,BrightData/LinkedIn/Types/Company.md#attribute-i-company_id
BrightData::LinkedIn::Types::Company.company_size,Attribute,BrightData/LinkedIn/Types/Company.md#attribute-i-company_size
BrightData::LinkedIn::Types::Company.country_code,Attribute,BrightData/LinkedIn/Types/Company.md#attribute-i-country_code
BrightData::LinkedIn::Types::Company.employees,Attribute,BrightData/LinkedIn/Types/Company.md#attribute-i-employees
BrightData::LinkedIn::Types::Company.employees_in_linkedin,Attribute,BrightData/LinkedIn/Types/Company.md#attribute-i-employees_in_linkedin
BrightData::LinkedIn::Types::Company.followers,Attribute,BrightData/LinkedIn/Types/Company.md#attribute-i-followers
BrightData::LinkedIn::Types::Company.founded,Attribute,BrightData/LinkedIn/Types/Company.md#attribute-i-founded
BrightData::LinkedIn::Types::Company.funding,Attribute,BrightData/LinkedIn/Types/Company.md#attribute-i-funding
BrightData::LinkedIn::Types::Company.headquarters,Attribute,BrightData/LinkedIn/Types/Company.md#attribute-i-headquarters
BrightData::LinkedIn::Types::Company.id,Attribute,BrightData/LinkedIn/Types/Company.md#attribute-i-id
BrightData::LinkedIn::Types::Company.image,Attribute,BrightData/LinkedIn/Types/Company.md#attribute-i-image
BrightData::LinkedIn::Types::Company.industries,Attribute,BrightData/LinkedIn/Types/Company.md#attribute-i-industries
BrightData::LinkedIn::Types::Company.investors,Attribute,BrightData/LinkedIn/Types/Company.md#attribute-i-investors
BrightData::LinkedIn::Types::Company.locations,Attribute,BrightData/LinkedIn/Types/Company.md#attribute-i-locations
BrightData::LinkedIn::Types::Company.logo,Attribute,BrightData/LinkedIn/Types/Company.md#attribute-i-logo
BrightData::LinkedIn::Types::Company.name,Attribute,BrightData/LinkedIn/Types/Company.md#attribute-i-name
BrightData::LinkedIn::Types::Company.raw,Attribute,BrightData/LinkedIn/Types/Company.md#attribute-i-raw
BrightData::LinkedIn::Types::Company.similar,Attribute,BrightData/LinkedIn/Types/Company.md#attribute-i-similar
BrightData::LinkedIn::Types::Company.specialties,Attribute,BrightData/LinkedIn/Types/Company.md#attribute-i-specialties
BrightData::LinkedIn::Types::Company.updates,Attribute,BrightData/LinkedIn/Types/Company.md#attribute-i-updates
BrightData::LinkedIn::Types::Company.website,Attribute,BrightData/LinkedIn/Types/Company.md#attribute-i-website
BrightData::LinkedIn::Types::Profile,Class,BrightData/LinkedIn/Types/Profile.md
BrightData::LinkedIn::Types::Profile.from_api,Method,BrightData/LinkedIn/Types/Profile.md#method-c-from_api
BrightData::LinkedIn::Types::Profile.about,Attribute,BrightData/LinkedIn/Types/Profile.md#attribute-i-about
BrightData::LinkedIn::Types::Profile.avatar,Attribute,BrightData/LinkedIn/Types/Profile.md#attribute-i-avatar
BrightData::LinkedIn::Types::Profile.banner_image,Attribute,BrightData/LinkedIn/Types/Profile.md#attribute-i-banner_image
BrightData::LinkedIn::Types::Profile.city,Attribute,BrightData/LinkedIn/Types/Profile.md#attribute-i-city
BrightData::LinkedIn::Types::Profile.connections,Attribute,BrightData/LinkedIn/Types/Profile.md#attribute-i-connections
BrightData::LinkedIn::Types::Profile.country_code,Attribute,BrightData/LinkedIn/Types/Profile.md#attribute-i-country_code
BrightData::LinkedIn::Types::Profile.current_company,Attribute,BrightData/LinkedIn/Types/Profile.md#attribute-i-current_company
BrightData::LinkedIn::Types::Profile.education,Attribute,BrightData/LinkedIn/Types/Profile.md#attribute-i-education
BrightData::LinkedIn::Types::Profile.experience,Attribute,BrightData/LinkedIn/Types/Profile.md#attribute-i-experience
BrightData::LinkedIn::Types::Profile.followers,Attribute,BrightData/LinkedIn/Types/Profile.md#attribute-i-followers
BrightData::LinkedIn::Types::Profile.id,Attribute,BrightData/LinkedIn/Types/Profile.md#attribute-i-id
BrightData::LinkedIn::Types::Profile.input_url,Attribute,BrightData/LinkedIn/Types/Profile.md#attribute-i-input_url
BrightData::LinkedIn::Types::Profile.linkedin_id,Attribute,BrightData/LinkedIn/Types/Profile.md#attribute-i-linkedin_id
BrightData::LinkedIn::Types::Profile.linkedin_num_id,Attribute,BrightData/LinkedIn/Types/Profile.md#attribute-i-linkedin_num_id
BrightData::LinkedIn::Types::Profile.name,Attribute,BrightData/LinkedIn/Types/Profile.md#attribute-i-name
BrightData::LinkedIn::Types::Profile.people_also_viewed,Attribute,BrightData/LinkedIn/Types/Profile.md#attribute-i-people_also_viewed
BrightData::LinkedIn::Types::Profile.position,Attribute,BrightData/LinkedIn/Types/Profile.md#attribute-i-position
BrightData::LinkedIn::Types::Profile.raw,Attribute,BrightData/LinkedIn/Types/Profile.md#attribute-i-raw
BrightData::LinkedIn::Types::JobUrlInput,Class,BrightData/LinkedIn/Types/JobUrlInput.md
BrightData::LinkedIn::Types::JobUrlInput.url,Attribute,BrightData/LinkedIn/Types/JobUrlInput.md#attribute-i-url
BrightData::LinkedIn::Types::PostUrlInput,Class,BrightData/LinkedIn/Types/PostUrlInput.md
BrightData::LinkedIn::Types::PostUrlInput.url,Attribute,BrightData/LinkedIn/Types/PostUrlInput.md#attribute-i-url
BrightData::LinkedIn::Types::CompanyUrlInput,Class,BrightData/LinkedIn/Types/CompanyUrlInput.md
BrightData::LinkedIn::Types::CompanyUrlInput.url,Attribute,BrightData/LinkedIn/Types/CompanyUrlInput.md#attribute-i-url
BrightData::LinkedIn::Types::JobKeywordInput,Class,BrightData/LinkedIn/Types/JobKeywordInput.md
BrightData::LinkedIn::Types::JobKeywordInput.to_api_hash,Method,BrightData/LinkedIn/Types/JobKeywordInput.md#method-i-to_api_hash
BrightData::LinkedIn::Types::JobKeywordInput.company,Attribute,BrightData/LinkedIn/Types/JobKeywordInput.md#attribute-i-company
BrightData::LinkedIn::Types::JobKeywordInput.country,Attribute,BrightData/LinkedIn/Types/JobKeywordInput.md#attribute-i-country
BrightData::LinkedIn::Types::JobKeywordInput.experience_level,Attribute,BrightData/LinkedIn/Types/JobKeywordInput.md#attribute-i-experience_level
BrightData::LinkedIn::Types::JobKeywordInput.job_type,Attribute,BrightData/LinkedIn/Types/JobKeywordInput.md#attribute-i-job_type
BrightData::LinkedIn::Types::JobKeywordInput.jobs_to_not_include,Attribute,BrightData/LinkedIn/Types/JobKeywordInput.md#attribute-i-jobs_to_not_include
BrightData::LinkedIn::Types::JobKeywordInput.keyword,Attribute,BrightData/LinkedIn/Types/JobKeywordInput.md#attribute-i-keyword
BrightData::LinkedIn::Types::JobKeywordInput.location,Attribute,BrightData/LinkedIn/Types/JobKeywordInput.md#attribute-i-location
BrightData::LinkedIn::Types::JobKeywordInput.location_radius,Attribute,BrightData/LinkedIn/Types/JobKeywordInput.md#attribute-i-location_radius
BrightData::LinkedIn::Types::JobKeywordInput.remote,Attribute,BrightData/LinkedIn/Types/JobKeywordInput.md#attribute-i-remote
BrightData::LinkedIn::Types::JobKeywordInput.selective_search,Attribute,BrightData/LinkedIn/Types/JobKeywordInput.md#attribute-i-selective_search
BrightData::LinkedIn::Types::JobKeywordInput.time_range,Attribute,BrightData/LinkedIn/Types/JobKeywordInput.md#attribute-i-time_range
BrightData::LinkedIn::Types::ProfileUrlInput,Class,BrightData/LinkedIn/Types/ProfileUrlInput.md
BrightData::LinkedIn::Types::ProfileUrlInput.url,Attribute,BrightData/LinkedIn/Types/ProfileUrlInput.md#attribute-i-url
BrightData::LinkedIn::Types::DiscoveredProfile,Class,BrightData/LinkedIn/Types/DiscoveredProfile.md
BrightData::LinkedIn::Types::DiscoveredProfile.from_api,Method,BrightData/LinkedIn/Types/DiscoveredProfile.md#method-c-from_api
BrightData::LinkedIn::Types::DiscoveredProfile.avatar,Attribute,BrightData/LinkedIn/Types/DiscoveredProfile.md#attribute-i-avatar
BrightData::LinkedIn::Types::DiscoveredProfile.education,Attribute,BrightData/LinkedIn/Types/DiscoveredProfile.md#attribute-i-education
BrightData::LinkedIn::Types::DiscoveredProfile.experience,Attribute,BrightData/LinkedIn/Types/DiscoveredProfile.md#attribute-i-experience
BrightData::LinkedIn::Types::DiscoveredProfile.location,Attribute,BrightData/LinkedIn/Types/DiscoveredProfile.md#attribute-i-location
BrightData::LinkedIn::Types::DiscoveredProfile.name,Attribute,BrightData/LinkedIn/Types/DiscoveredProfile.md#attribute-i-name
BrightData::LinkedIn::Types::DiscoveredProfile.raw,Attribute,BrightData/LinkedIn/Types/DiscoveredProfile.md#attribute-i-raw
BrightData::LinkedIn::Types::DiscoveredProfile.subtitle,Attribute,BrightData/LinkedIn/Types/DiscoveredProfile.md#attribute-i-subtitle
BrightData::LinkedIn::Types::DiscoveredProfile.url,Attribute,BrightData/LinkedIn/Types/DiscoveredProfile.md#attribute-i-url
BrightData::LinkedIn::Types::PeopleDiscoverInput,Class,BrightData/LinkedIn/Types/PeopleDiscoverInput.md
BrightData::LinkedIn::Types::PeopleDiscoverInput.to_api_hash,Method,BrightData/LinkedIn/Types/PeopleDiscoverInput.md#method-i-to_api_hash
BrightData::LinkedIn::Types::PeopleDiscoverInput.first_name,Attribute,BrightData/LinkedIn/Types/PeopleDiscoverInput.md#attribute-i-first_name
BrightData::LinkedIn::Types::PeopleDiscoverInput.last_name,Attribute,BrightData/LinkedIn/Types/PeopleDiscoverInput.md#attribute-i-last_name
BrightData::LinkedIn::Types::PeopleDiscoverInput.url,Attribute,BrightData/LinkedIn/Types/PeopleDiscoverInput.md#attribute-i-url
BrightData::LinkedIn::Types::PostCompanyUrlInput,Class,BrightData/LinkedIn/Types/PostCompanyUrlInput.md
BrightData::LinkedIn::Types::PostCompanyUrlInput.url,Attribute,BrightData/LinkedIn/Types/PostCompanyUrlInput.md#attribute-i-url
BrightData::LinkedIn::Types::PostProfileUrlInput,Class,BrightData/LinkedIn/Types/PostProfileUrlInput.md
BrightData::LinkedIn::Types::PostProfileUrlInput.url,Attribute,BrightData/LinkedIn/Types/PostProfileUrlInput.md#attribute-i-url
